Year,Month,Deaths,Births,Rate
2010,January,2178,323249,673.7839869574229
2010,February,1938,301994,641.7346039987549
2010,March,2057,338613,607.478153526297
2010,April,2077,325028,639.0218688851422
2010,May,2128,328273,648.2409457981619
2010,June,1969,334535,588.5781756766855
2010,July,2044,345199,592.1222251512895
2010,August,2124,349747,607.2961312034128
2010,September,2032,350745,579.3382656915993
2010,October,2113,336809,627.3585325807802
2010,November,1973,326220,604.8065722518546
2010,December,1953,338974,576.1503832152318
2011,January,1979,320477,617.5170137014512
2011,February,1911,297961,641.3591040438179
2011,March,2106,330151,637.8899352114638
2011,April,1976,313275,630.755725800016
2011,May,2005,326647,613.8124642197847
2011,June,1973,337280,584.9739089184061
2011,July,1975,345560,571.5360574140526
2011,August,2090,359404,581.5182913935292
2011,September,1968,345548,569.5301376364499
2011,October,2104,328488,640.5104600472467
2011,November,1967,321479,611.8595615887818
2011,December,1931,327320,589.942563851888
2012,January,1914,316315,605.0930243586298
2012,February,1932,304505,634.4723403556592
2012,March,1955,324322,602.7959867045714
2012,April,1996,306700,650.7988262145419
2012,May,2053,330146,621.8460923349064
2012,June,1931,327189,590.178765178536
2012,July,1982,347542,570.2907849986476
2012,August,2013,361114,557.4416943125993
2012,September,1992,340113,585.6876979121645
2012,October,2020,345497,584.6649898551941
2012,November,1900,325146,584.3528753237007
2012,December,1941,324252,598.6084896932016
2013,January,1986,323691,613.5481060641167
2013,February,1818,291748,623.14051852969
2013,March,1992,320529,621.4726280617355
2013,April,1910,311645,612.8768310096424
2013,May,2028,329520,615.4406409322651
2013,June,1966,319779,614.7995959709674
2013,July,1969,349158,563.9280784057647
2013,August,1973,353485,558.1566403100555
2013,September,1955,338008,578.3886771910724
2013,October,2044,340562,600.1844010782178
2013,November,1845,318482,579.3106046809553
2013,December,1954,335574,582.2858743526018
2014,January,1935,326366,592.8926420031498
2014,February,1805,298404,604.884653020737
2014,March,1932,323572,597.0850382604181
2014,April,1966,318990,616.3202608232233
2014,May,2037,334613,608.7629590003975
2014,June,1915,325981,587.4575512069722
2014,July,1974,355524,555.2367772639822
2014,August,1946,354257,549.3187149442354
2014,September,1901,348424,545.5996142630818
2014,October,2000,343356,582.485816470369
2014,November,1886,317998,593.0854911037177
2014,December,1918,340591,563.1387793570588
2015,January,2018,325955,619.1038640303109
2015,February,1855,298058,622.3620905998162
2015,March,2021,328923,614.4295169386148
2015,April,1960,320832,610.9116297626172
2015,May,1975,327917,602.2865542195128
2015,June,2013,330541,609.0016064572927
2015,July,1977,353415,559.3990068333262
2015,August,1987,351791,564.824000614001
2015,September,1958,347516,563.4272954338793
2015,October,1913,339007,564.2951325488855
2015,November,1816,318820,569.6004014804591
2015,December,1962,335722,584.4121028708277
2016,January,1932,316707,610.0275649101535
2016,February,1894,306015,618.9239089587112
2016,March,2011,328526,612.1281116258683
2016,April,1889,313485,602.5806657415825
2016,May,1951,327631,595.4869960412782
2016,June,1945,332324,585.2722042344218
2016,July,1935,342728,564.5876613524428
2016,August,1972,357830,551.0996842075846
2016,September,1931,345552,558.8160392647127
2016,October,1971,330958,595.5438454426242
2016,November,1836,319389,574.8475996355542
2016,December,1894,324730,583.2537800634373
2017,January,1887,313786,601.3652616751544
2017,February,1714,289054,592.9687878389506
2017,March,1901,319625,594.7594837700431
2017,April,1880,300116,626.424449212971
2017,May,1879,322456,582.7151611382639
2017,June,1967,323920,607.2487033835515
2017,July,1780,334924,531.4638544863909
2017,August,1896,352151,538.4053999562688
2017,September,1906,337175,565.2850893452954
2017,October,1880,329869,569.9232119417102
2017,November,1798,316511,568.0687243097397
2017,December,1847,315913,584.6546359282461
2018,January,1900,314808,603.5424766842011
2018,February,1657,284250,582.9375549692172
2018,March,1872,316044,592.3225879940768
2018,April,1756,298394,588.4836826477745
2018,May,1785,320622,556.7303553717462
2018,June,1707,314816,542.2214881073389
2018,July,1826,329009,555.0000151971526
2018,August,1813,344750,525.8883248730964
2018,September,1830,322772,566.9636771467166
2018,October,1858,326778,568.5817282681209
2018,November,1724,308703,558.4655801854857
2018,December,1739,310766,559.5850253888779
2019,January,1706,310872,548.7789186546231
2019,February,1635,279963,584.0057436161208
2019,March,1838,304237,604.1342768959726
2019,April,1734,298947,580.0359261006131
2019,May,1800,316386,568.9253001080958
2019,June,1783,304092,586.3357141917578
2019,July,1768,333646,529.902951031932
2019,August,1778,341685,520.3623220217452
2019,September,1720,325781,527.9620358461666
2019,October,1697,325043,522.0847703226958
2019,November,1700,298086,570.3052139315499
2019,December,1762,308802,570.5921593772061
2020,January,1777,304722,583.1544817899594
2020,February,1673,282654,591.8897309077529
2020,March,1646,301625,545.7107335267302
2020,April,1569,290478,540.1441761510338
2020,May,1692,301481,561.2293975408069
2020,June,1664,302164,550.6943249361274
2020,July,1649,321637,512.689771388242
2020,August,1621,319621,507.1631713811045
2020,September,1602,311705,513.9474823952135
2020,October,1587,305085,520.1828998475835
2020,November,1559,282597,551.6689844548952
2020,December,1543,289878,532.2928956319555
2021,January,1670,277172,602.5139624493095
2021,February,1482,266355,556.4002928422594
2021,March,1660,302692,548.4122474330343
2021,April,1653,293208,563.7636080870917
2021,May,1709,300912,567.9401286754932
2021,June,1610,313597,513.3977684735504
2021,July,1688,326117,517.6056445999442
2021,August,1702,330271,515.3343769207711
2021,September,1720,325738,528.0317310230922
2021,October,1717,315414,544.3639153620321
2021,November,1589,301730,526.6297683359295
2021,December,1720,311086,552.9017699285728
2022,January,1674,294843,567.7597908039194
2022,February,1508,275727,546.9177846202947
2022,March,1682,307459,547.0648118936183
2022,April,1622,288660,561.9067414951846
2022,May,1735,297576,583.0443315321128
2022,June,1745,305759,570.7109193842209
2022,July,1771,320822,552.0194999096072
2022,August,1809,335912,538.533901736169
2022,September,1724,312233,552.1517584624303
2022,October,1810,306805,589.951271980574
2022,November,1719,307148,559.6650474689726
2022,December,1754,314814,557.1543832231096
2023,January,1753,299465,585.3772561067236
2023,February,1517,270845,560.0989495837102
2023,March,1795,299355,599.6225217551068
2023,April,1656,278630,594.3365753867135
2023,May,1675,299545,559.181425161495
2023,June,1670,303322,550.570021297499
2023,July,1673,311597,536.9114593529463
2023,August,1710,322361,530.4611910249689
2023,September,1645,305509,538.4456759048015
2023,October,1691,309117,547.0420585085906
2023,November,1606,298228,538.5141569537401
2023,December,1754,298043,588.5056854212312
2024,January,1690,296972,569.0772194011556
2024,February,1611,283064,569.1292428567391
2024,March,1748,297920,586.734693877551
2024,April,1652,289378,570.8796107513356
2024,May,1729,303032,570.566804825893
2024,June,1639,292996,559.3933022976423
2024,July,1691,318871,530.3084946577143
2024,August,1599,325394,491.4042668272925
2024,September,1654,307983,537.0426289762746
2024,October,1690,313559,538.9735265133515
2024,November,1694,290760,582.6110881826936
2024,December,1653,298338,554.0695452808559
